wgs84(x),wgs84(y),冊,井號,經度,緯度,井頂標高( m),井深,靜水位,動水位,抽水量(GPM),濾管位置 1(頂),濾管位置 1(底),濾管位置 2(頂),濾管位置 2(底),濾管位置 3(頂),濾管位置 3(底),濾管位置 4(頂),濾管位置 4(底)
120.825556,23.424722,第一冊,1,120.82555555555555,23.424722222222222,50.12,180.0,0.0,1,700,61.7,67.7,86.0,116.4,128.7,134.7,156.0,162.1
